name;email;pwd1;pwd2;picture
diego1;diego1@gmail.com;diego1;diego1;diego1.png
diego2;diego2@gmail.com;diego2;diego2;diego2.png
diego3;diego3@gmail.com;diego3;diego3;diego3.png
diego4;diego4@gmail.com;diego4;diego4;diego4.png
diego5;diego5@gmail.com;diego5;diego5;diego5.png
diego6;diego6@gmail.com;diego6;diego6;diego6.png
diego7;diego7@gmail.com;diego7;diego7;diego7.png
diego8;diego8@gmail.com;diego8;diego8;diego8.png
diego9;diego9@gmail.com;diego9;diego9;diego9.png
diego10;diego10@gmail.com;diego10;diego10;diego10.png
diego11;diego11@gmail.com;diego11;diego11;diego11.png
diego12;diego12@gmail.com;diego12;diego12;diego12.png
diego13;diego13@gmail.com;diego13;diego13;diego13.png
diego14;diego14@gmail.com;diego14;diego14;diego14.png
diego15;diego15@gmail.com;diego15;diego15;diego15.png
diego16;diego16@gmail.com;diego16;diego16;diego16.png
diego17;diego17@gmail.com;diego17;diego17;diego17.png
diego18;diego18@gmail.com;diego18;diego18;diego18.png
diego19;diego19@gmail.com;diego19;diego19;diego19.png
diego20;diego20@gmail.com;diego20;diego20;diego20.png
diego21;diego21@gmail.com;diego21;diego21;diego21.png
diego22;diego22@gmail.com;diego22;diego22;diego22.png
diego23;diego23@gmail.com;diego23;diego23;diego23.png
diego24;diego24@gmail.com;diego24;diego24;diego24.png
diego25;diego25@gmail.com;diego25;diego25;diego25.png
diego26;diego26@gmail.com;diego26;diego26;diego26.png
diego27;diego27@gmail.com;diego27;diego27;diego27.png
diego28;diego28@gmail.com;diego28;diego28;diego28.png
diego29;diego29@gmail.com;diego29;diego29;diego29.png
diego30;diego30@gmail.com;diego30;diego30;diego30.png
diego31;diego31@gmail.com;diego31;diego31;diego31.png
diego32;diego32@gmail.com;diego32;diego32;diego32.png
diego33;diego33@gmail.com;diego33;diego33;diego33.png
diego34;diego34@gmail.com;diego34;diego34;diego34.png
diego35;diego35@gmail.com;diego35;diego35;diego35.png
diego36;diego36@gmail.com;diego36;diego36;diego36.png
diego37;diego37@gmail.com;diego37;diego37;diego37.png
diego38;diego38@gmail.com;diego38;diego38;diego38.png
diego39;diego39@gmail.com;diego39;diego39;diego39.png
diego40;diego40@gmail.com;diego40;diego40;diego40.png
diego41;diego41@gmail.com;diego41;diego41;diego41.png
diego42;diego42@gmail.com;diego42;diego42;diego42.png
diego43;diego43@gmail.com;diego43;diego43;diego43.png
diego44;diego44@gmail.com;diego44;diego44;diego44.png
diego45;diego45@gmail.com;diego45;diego45;diego45.png
diego46;diego46@gmail.com;diego46;diego46;diego46.png
diego47;diego47@gmail.com;diego47;diego47;diego47.png
diego48;diego48@gmail.com;diego48;diego48;diego48.png
diego49;diego49@gmail.com;diego49;diego49;diego49.png
diego50;diego50@gmail.com;diego50;diego50;diego50.png
diego51;diego51@gmail.com;diego51;diego51;diego51.png
diego52;diego52@gmail.com;diego52;diego52;diego52.png
diego53;diego53@gmail.com;diego53;diego53;diego53.png
diego54;diego54@gmail.com;diego54;diego54;diego54.png
diego55;diego55@gmail.com;diego55;diego55;diego55.png
diego56;diego56@gmail.com;diego56;diego56;diego56.png
diego57;diego57@gmail.com;diego57;diego57;diego57.png
diego58;diego58@gmail.com;diego58;diego58;diego58.png
diego59;diego59@gmail.com;diego59;diego59;diego59.png
diego60;diego60@gmail.com;diego60;diego60;diego60.png
diego61;diego61@gmail.com;diego61;diego61;diego61.png
diego62;diego62@gmail.com;diego62;diego62;diego62.png
diego63;diego63@gmail.com;diego63;diego63;diego63.png
diego64;diego64@gmail.com;diego64;diego64;diego64.png
diego65;diego65@gmail.com;diego65;diego65;diego65.png
diego66;diego66@gmail.com;diego66;diego66;diego66.png
diego67;diego67@gmail.com;diego67;diego67;diego67.png
diego68;diego68@gmail.com;diego68;diego68;diego68.png
diego69;diego69@gmail.com;diego69;diego69;diego69.png
diego70;diego70@gmail.com;diego70;diego70;diego70.png
diego71;diego71@gmail.com;diego71;diego71;diego71.png
diego72;diego72@gmail.com;diego72;diego72;diego72.png
diego73;diego73@gmail.com;diego73;diego73;diego73.png
diego74;diego74@gmail.com;diego74;diego74;diego74.png
diego75;diego75@gmail.com;diego75;diego75;diego75.png
diego76;diego76@gmail.com;diego76;diego76;diego76.png
diego77;diego77@gmail.com;diego77;diego77;diego77.png
diego78;diego78@gmail.com;diego78;diego78;diego78.png
diego79;diego79@gmail.com;diego79;diego79;diego79.png
diego80;diego80@gmail.com;diego80;diego80;diego80.png
diego81;diego81@gmail.com;diego81;diego81;diego81.png
diego82;diego82@gmail.com;diego82;diego82;diego82.png
diego83;diego83@gmail.com;diego83;diego83;diego83.png
diego84;diego84@gmail.com;diego84;diego84;diego84.png
diego85;diego85@gmail.com;diego85;diego85;diego85.png
diego86;diego86@gmail.com;diego86;diego86;diego86.png
diego87;diego87@gmail.com;diego87;diego87;diego87.png
diego88;diego88@gmail.com;diego88;diego88;diego88.png
diego89;diego89@gmail.com;diego89;diego89;diego89.png
diego90;diego90@gmail.com;diego90;diego90;diego90.png
diego91;diego91@gmail.com;diego91;diego91;diego91.png
diego92;diego92@gmail.com;diego92;diego92;diego92.png
diego93;diego93@gmail.com;diego93;diego93;diego93.png
diego94;diego94@gmail.com;diego94;diego94;diego94.png
diego95;diego95@gmail.com;diego95;diego95;diego95.png
diego96;diego96@gmail.com;diego96;diego96;diego96.png
diego97;diego97@gmail.com;diego97;diego97;diego97.png
diego98;diego98@gmail.com;diego98;diego98;diego98.png
diego99;diego99@gmail.com;diego99;diego99;diego99.png
diego100;diego100@gmail.com;diego100;diego100;diego100.png
